PDB_ID,score,Resolution,pubmed_id,apparatus,atmosphere,crystal_id ,details,method,method_ref,pH,pressure,pressure_esd,seeding,seeding_ref,temp,temp_esd,temp_details,time,pdbx_details,pdbx_pH_range
6W9C,1.0005594921016203,2.7000,NA,?,?,1,?,"'VAPOR DIFFUSION, SITTING DROP'",?,7.5,?,?,?,?,289,?,?,?,"'0.2 M magnesium acetate, 10% PEG 8000'",?
6WZU,1.0005594921016203,1.79,33531496,?,?,1,?,"'VAPOR DIFFUSION, HANGING DROP'",?,4.5,?,?,?,?,277,?,?,?,"'0.1 M acetate buffer, 0.8 NaH2PO4/1.2 M K2HPO4, seeds from PLprotease C111S mutant crystals'",?
7JN2,1.0005594921016203,1.9300,NA,?,?,1,?,"'VAPOR DIFFUSION, HANGING DROP'",?,6.0,?,?,?,?,277,?,?,?,"'0.1 M MES buffer, 0.2 M zinc acetate, 10% PEG 8000'",?
7LLF,1.0005594921016203,2.3000,33594371,?,?,1,?,"'VAPOR DIFFUSION, HANGING DROP'",?,6.5,?,?,?,?,289,?,?,?,"'0.1 M MIB buffer pH 6.5, 0.2M (NH4)2SO4, 13-16% PEG 3350, 20% glycerol'",?
7LOS,1.0005594921016203,2.9000,33594371,?,?,1,?,"'VAPOR DIFFUSION, HANGING DROP'",?,6.5,?,?,?,?,289,?,?,?,"'0.1M MIB buffer pH 6.5, 0.2 M (NH4)2SO4, 13-16% PEG 3350, 20% glycerol'",?
7OFU,1.0005594921016203,1.720,35953531,?,?,1,?,"'VAPOR DIFFUSION, SITTING DROP'",?,?,?,?,?,?,277,?,?,?,";Co-crystallization with the compounds was achieved mixing 0.2 uL of protein solution (22 mg/mL) in 50 mM TRIS buffer (pH 8.0) containing 1 mM TCEP and 150 mM NaCl with 0.1 uL of reservoir solution consisting of 1.0M NaH2PO4/1.0MKH2PO4, 100mM Tris_HCl pH=7.5. This growth solution was equilibrated by sitting drop vapor diffusion against 80 uL reservoir solution. Prior to crystallization 100 nL droplets of 10 mM compound solutions in DMSO were applied to the wells of SwissCI 96-well plates (2-well) and subsequently dried in vacuum.
;",?
7RZC,1.0005594921016203,2.0400,NA,?,?,1,?,"'VAPOR DIFFUSION, SITTING DROP'",?,7.5,?,?,?,?,277,?,?,?,"'0.2 M magnesium acetate, 20% PEG3350'",?
7SDR,1.0005594921016203,2.7200,NA,?,?,1,?,"'VAPOR DIFFUSION, SITTING DROP'",?,7.5,?,?,?,?,277,?,?,?,"'0.2 M sodium citrate, 20% PEG 3350'",?
7SGW,1.0005594921016203,1.9500,NA,?,?,1,?,"'VAPOR DIFFUSION, SITTING DROP'",?,7.0,?,?,?,?,277,?,?,?,"'0.1 M Bis_tris propane, pH 7.0, 2.5 M ammonium sulfate, 4 mM PLP_Snyder630'",?
8UUF,1.0005594921016203,2.84,38547259,?,?,1,?,"'VAPOR DIFFUSION, SITTING DROP'",?,6.4,?,?,?,?,277,?,?,?,"'0.2M Zinc acetate, 0.1M Bis Tris, 10% PEG 8000'",5.5-6.5
8UUU,1.0005594921016203,3.01,38547259,?,?,1,?,"'VAPOR DIFFUSION, SITTING DROP'",?,5.9,?,?,?,?,277,?,?,?,"'0.2M Zinc Acetate, 0.1M BisTris pH 5.9, 12% PEG 8000'",5.5-6.5
8UUV,1.0005594921016203,3.01,38547259,?,?,1,?,"'VAPOR DIFFUSION, SITTING DROP'",?,6.4,?,?,?,?,277,?,?,?,"'0.2M Zinc Acetate, 0.1M BisTris pH 6.4, 8% PEG 8000'",5.5-6.5
8Z4W,1.0005594921016203,2.33,39574309,?,?,1,?,"'VAPOR DIFFUSION, SITTING DROP'",?,?,?,?,?,?,293,?,?,?,"'20% (w/v) PEG 8000, 100 mM HEPES/ Sodium hydroxide pH 7.5'",?
9BRX,1.0005594921016203,1.80,39140055,?,?,1,?,"'VAPOR DIFFUSION, HANGING DROP'",?,?,?,?,?,?,291,?,?,?,"'0.2M sodium citrate, 15%-25% PEG3350'",?
9DNU,1.0005594921016203,2.30,39948104,?,?,1,?,"'VAPOR DIFFUSION, SITTING DROP'",?,5.6,?,?,?,?,277,?,?,?,"'200 mM zinc acetate, 0.1 M Bis-Tris pH 5.5-6.6, and 6-20% PEG 8000'",5.5-6.6
9DOI,1.0005594921016203,2.30,39948104,?,?,1,?,"'VAPOR DIFFUSION, SITTING DROP'",?,5.8,?,?,?,?,277,?,?,?,"'200 mM zinc acetate, 0.1 M Bis-Tris pH 5.5-6.6, and 6-20% PEG 8000'",5.5-6.6
9HHI,1.0005594921016203,2.70,NA,?,?,1,?,"'VAPOR DIFFUSION, HANGING DROP'",?,8,?,?,?,?,293.15,?,?,?,"'1.45 M Ammonium Sulfate, 0.1 M Bicine pH 8, 10 % Glycerol'",?
6WUU,1.0,2.7900,33067239,?,?,1,?,"'VAPOR DIFFUSION, SITTING DROP'",?,?,?,?,?,?,291,?,?,?,'Ammonium Sulfate',?
6WX4,1.0,1.6550,33067239,?,?,1,?,"'VAPOR DIFFUSION, SITTING DROP'",?,?,?,?,?,?,291,?,?,?,"'0.8 M Potassium sodium tartrate tetrahydrate, 0.1 M Tris HCl pH 8.5 and 0.5% w/v Polyethylene glycol monomethyl ether 5,000'",?
6XAA,1.0,2.70,32845033,?,?,1,?,"'VAPOR DIFFUSION, SITTING DROP'",?,8.5,?,?,?,?,293,?,?,?,"'30% PEG4000, 0.2 M sodium acetate, 0.1 M Tris chloride, pH 8.5'",?
7CMD,1.0,2.5900,32895623,?,?,1,?,"'VAPOR DIFFUSION, HANGING DROP'",?,?,?,?,?,?,296,?,?,?,"'0.24M ammonium acetate,0.1M sodium citrate pH5.6,24% PEG4000'",?
7JIW,1.0,2.3000,33531496,?,?,1,?,"'VAPOR DIFFUSION, HANGING DROP'",?,6.0,?,?,?,?,277,?,?,?,"'0.1 M MES buffer, 0.2 M zinc acetate, 10% PEG 8000, 4 mM PLP_Snyder530'",?
7JRN,1.0,2.4800,34341772,?,?,1,?,"'VAPOR DIFFUSION, HANGING DROP'",?,8.5,?,?,?,?,298,?,?,?,";30 % PEG 4,000
0.2 M Li2SO4
0.1 M Tris pH 8.5
;",?
7LBS,1.0,2.8000,33594371,?,?,1,?,"'VAPOR DIFFUSION, HANGING DROP'",?,6.5,?,?,?,?,289,?,?,?,"'0.1M MIB buffer pH 6.5, 0.2M (NH4)2SO4, 13-16% PEG 3350, 20% glycerol'",?
7LLZ,1.0,2.9000,33594371,?,?,1,?,"'VAPOR DIFFUSION, HANGING DROP'",?,6.5,?,?,?,?,287,?,?,?,"'0.1M MIB buffer pH 6.5, 0.2 M (NH4)2SO4, 13-16% PEG 3350, 20% glycerol'",?
7NFV,1.0,1.420,35953531,?,?,1,?,'VAPOR DIFFUSION',?,?,?,?,?,?,277,?,?,?,";1.0M NaH2PO4/1.0MKH2PO4
100mM Tris_HCl pH=7.5
;",?
7NT4,1.0,2.6800,35021060,?,?,1,?,"'VAPOR DIFFUSION, SITTING DROP'",?,?,?,?,?,?,298,?,?,?,";0.05 M Sodium cacodylate pH 6.5 
0.2 M Potassium chloride,
 0.1 M Magnesium acetate  
10 %(w/v) PEG 8000
;",?
7QCJ,1.0,1.84,35480391,?,?,1,?,"'VAPOR DIFFUSION, SITTING DROP'",?,?,?,?,?,?,277,?,?,?,"'0.1 M Tris-HCl pH 8.0, 10% glycerol, 0.8 M sodium dihydrogenphosphate, 1.2 M potassium hydrogenphosphate'",?
7QCM,1.0,1.77,35480391,?,?,1,?,"'VAPOR DIFFUSION, SITTING DROP'",?,?,?,?,?,?,277,?,?,?,"'0.1 M Tris-HCl pH 8.0, 10% glycerol, 0.8 M sodium dihydrogenphosphate, 1.2 M potassium hydrogenphosphate'",?
8CX9,1.0,3.50,36548304,?,?,1,?,"'VAPOR DIFFUSION, HANGING DROP'",?,6.3,?,?,?,?,281,?,?,?,";14.86 mg/ml SARS-CoV2C111S/UbV.CV2.1,  
20% PEG 3350, 0.2 M sodium bromide, 0.1 M BIS-TRIS propane (pH 6.3), 50 mM lithium chloride.  Cryoprotected in the same buffer plus 30% glycerol
;",?
8IHO,1.0,2.55,37239980,?,?,1,?,"'VAPOR DIFFUSION, SITTING DROP'",?,?,?,?,?,?,293,?,?,?,"'0.2 M sodium bromide, 20% w/v PEG 3350'",?
8UUG,1.0,2.74,38547259,?,?,1,?,"'VAPOR DIFFUSION, SITTING DROP'",?,6.3,?,?,?,?,277,?,?,?,"'0.2M Zinc Acetate, 0.1M BisTris pH 6.3, 8% PEG 8000'",5.5-6.5
9BF8,1.0,1.85,40297819,?,?,1,?,"'VAPOR DIFFUSION, SITTING DROP'",?,7.0,?,?,?,?,277.15,?,?,?,"'Monosodium phosphate, dipotassium phosphate, tris-HCl, sucrose'",?
9DNV,1.0,2.40,39948104,?,?,1,?,"'VAPOR DIFFUSION, SITTING DROP'",?,5.7,?,?,?,?,277,?,?,?,"'200 mM zinc acetate, 0.1 M Bis-Tris pH 5.5-6.6, and 6-20% PEG 8000'",5.6-6.5
9Z6C,1.0,2.06,41557701,?,?,1,?,"'VAPOR DIFFUSION, SITTING DROP'",?,?,?,?,?,?,290.15,?,?,?,'3.5 M Sodium formate',?
6XA9,0.9990029244676567,2.90,32845033,?,?,1,?,"'VAPOR DIFFUSION, HANGING DROP'",?,6.5,?,?,?,?,293,?,?,?,"'0.2 M lithium sulfate, 25% PEG3350, 0.1 M Bis-Tris chloride, pH 6.5'",?
7KOL,0.9990029244676567,2.5800,NA,?,?,1,?,"'VAPOR DIFFUSION, HANGING DROP'",?,6.0,?,?,?,?,277,?,?,?,"'0.1 M MES buffer, 0.2 M zinc acetate, 10% PEG 8000, 4 mM PLP_Snyder496'",?
7LBR,0.9990029244676567,2.2000,33594371,?,?,1,?,"'VAPOR DIFFUSION, HANGING DROP'",?,6.5,?,?,?,?,289,?,?,?,"'0.1M MIB buffer pH 6.5, 0.02M (NH4)2SO4, 13-16% PEG 3350, 20% glycerol'",?
7OFS,0.9990029244676567,1.9000,35953531,?,?,1,?,"'VAPOR DIFFUSION, SITTING DROP'",?,?,?,?,?,?,277,?,?,?,";Co-crystallization with the compounds was achieved mixing 0.2 uL of protein solution (22 mg/mL) in 50 mM TRIS buffer (pH 8.0) containing 1 mM TCEP and 150 mM NaCl with 0.1 uL of reservoir solution consisting of 1.0M NaH2PO4/1.0MKH2PO4, 100mM Tris_HCl pH=7.5. This growth solution was equilibrated by sitting drop vapor diffusion against 80 uL reservoir solution. Prior to crystallization 100 nL droplets of 10 mM compound solutions in DMSO were applied to the wells of SwissCI 96-well plates (2-well) and subsequently dried in vacuum.
;",?
7OFT,0.9990029244676567,1.9500,35953531,?,?,1,?,"'VAPOR DIFFUSION, SITTING DROP'",?,?,?,?,?,?,277,?,?,?,";Co-crystallization with the compounds was achieved mixing 0.2 uL of protein solution (22 mg/mL) in 50 mM TRIS buffer (pH 8.0) containing 1 mM TCEP and 150 mM NaCl with 0.1 uL of reservoir solution consisting of 1.0M NaH2PO4/1.0MKH2PO4, 100mM Tris_HCl pH=7.5. This growth solution was equilibrated by sitting drop vapor diffusion against 80 uL reservoir solution. Prior to crystallization 100 nL droplets of 10 mM compound solutions in DMSO were applied to the wells of SwissCI 96-well plates (2-well) and subsequently dried in vacuum.
;",?
7QCG,0.9990029244676567,1.75,35480391,?,?,1,?,"'VAPOR DIFFUSION, SITTING DROP'",?,?,?,?,?,?,277,?,?,?,"'0.1 M Tris-HCl pH 8.0, 10% glycerol, 0.8 M sodium dihydrogenphosphate, 1.2 M potassium hydrogenphosphate'",?
7QCH,0.9990029244676567,1.88,35480391,?,?,1,?,"'VAPOR DIFFUSION, SITTING DROP'",?,?,?,?,?,?,277,?,?,?,"'0.1 M Tris-HCl pH 8.0, 10% glycerol, 0.8 M sodium dihydrogenphosphate, 1.2 M potassium hydrogenphosphate'",?
7QCI,0.9990029244676567,1.76,35480391,?,?,1,?,"'VAPOR DIFFUSION, SITTING DROP'",?,?,?,?,?,?,277,?,?,?,"'0.1 M Tris-HCl pH 8.0, 10% glycerol, 0.8 M sodium dihydrogenphosphate, 1.2 M potassium hydrogenphosphate'",?
7QCK,0.9990029244676567,1.92,35480391,?,?,1,?,"'VAPOR DIFFUSION, SITTING DROP'",?,?,?,?,?,?,277,?,?,?,"'0.1 M Tris-HCl pH 8.0, 10% glycerol, 0.8 M sodium dihydrogenphosphate, 1.2 M potassium hydrogenphosphate'",?
8EUA,0.9990029244676567,3.1000,36977673,?,?,1,?,"'VAPOR DIFFUSION, SITTING DROP'",?,?,?,?,?,?,289,?,?,?,"'PEG 3350, CaCl2, CdCl2 and CoCl3'",?
8FWO,0.9990029244676567,1.80,NA,?,?,1,?,"'VAPOR DIFFUSION, SITTING DROP'",?,4.5,?,?,?,?,277,?,?,?,"'100 mM Sodium acetate, 0.8 M Monosodium phosphate, 1.2 M Dipotassium hydrogen phosphate'",?
8G62,0.9990029244676567,2.17,NA,?,?,1,?,"'VAPOR DIFFUSION, SITTING DROP'",?,7.0,?,?,?,?,277,?,?,?,"'0.1 M Bis_tris propane, pH 7.0, 2.8 M sodium acetate, 0.1 M glycine, 4 mM ligand'",?
8UOB,0.9990029244676567,2.52,38547259,?,?,1,?,"'VAPOR DIFFUSION, SITTING DROP'",?,6.2,?,?,?,?,277,?,?,?,"'Zinc Acetate, PEG 8000, Bis-Tris 6.3'",5.5-6.5
8UUH,0.9990029244676567,2.80,38547259,?,?,1,?,"'VAPOR DIFFUSION, SITTING DROP'",?,6.0,?,?,?,?,277,?,?,?,"'0.2M Zinc Acetate, 0.1M Bis Tris pH 6.0, 10% PEG 8000'",5.5-6.5
8UUW,0.9990029244676567,3.20,38547259,?,?,1,?,"'VAPOR DIFFUSION, SITTING DROP'",?,5.8,?,?,?,?,277,?,?,?,"'0.2M Zinc Acetate, 0.1M BisTris pH 5.8, 105 PEG 8000'",5.5-6.5
8UUY,0.9990029244676567,3.05,38547259,?,?,1,?,"'VAPOR DIFFUSION, SITTING DROP'",?,6.2,?,?,?,?,277,?,?,?,"'0.2M Zinc Acetate, 0.1M BisTris pH 6.2, 8% PEG 8000'",5.5-6.5
8UVM,0.9990029244676567,2.85,38547259,?,?,1,?,"'VAPOR DIFFUSION, HANGING DROP'",?,6.7,?,?,?,?,277,?,?,?,"'2.5M Ammonium Sulfate, 0.1M Sodium citrate dibasic trihydrate pH 6.7'",?
9D2K,0.9990029244676567,2.70,39499574,?,?,1,?,"'VAPOR DIFFUSION, SITTING DROP'",?,5.6,?,?,?,?,277,?,?,?,"'200 mM zinc acetate, 0.1 M Bis-Tris pH 5.5-6.6, 10% PEG 8000'",5.5-6.6
9DO1,0.9990029244676567,2.40,39948104,?,?,1,?,"'VAPOR DIFFUSION, SITTING DROP'",?,5.8,?,?,?,?,277,?,?,?,"'200 mM zinc acetate, 0.1 M Bis-Tris pH 5.5-6.6, and 6-20% PEG 8000'",5.6-6.5
9DO3,0.9990029244676567,2.50,39948104,?,?,1,?,"'VAPOR DIFFUSION, SITTING DROP'",?,5.8,?,?,?,?,277,?,?,?,"'200 mM zinc acetate, 0.1 M Bis-Tris pH 5.5-6.6, and 6-20% PEG 8000'",5.6-6.5
9DO5,0.9990029244676567,3.00,39948104,?,?,1,?,"'VAPOR DIFFUSION, SITTING DROP'",?,5.9,?,?,?,?,277,?,?,?,"'200 mM zinc acetate, 0.1 M Bis-Tris pH 5.5-6.6, and 6-20% PEG 8000'",5.5-6.6
9HHG,0.9990029244676567,1.95,NA,?,?,1,?,"'VAPOR DIFFUSION, HANGING DROP'",?,?,?,?,?,?,293.15,?,?,?,"'1.45 M Ammonium Sulfate, 0.1 M Bicine pH 8, 10 % Glycerol'",?
9Z6B,0.9990029244676567,2.70,41557701,?,?,1,?,"'VAPOR DIFFUSION, SITTING DROP'",?,?,?,?,?,?,277.15,?,?,?,'1.8 M sodium/potassium phosphate pH 8.2',?
8VEC,0.9989334758414576,2.00,39043718,?,?,1,?,"'VAPOR DIFFUSION, HANGING DROP'",?,5.5,?,?,?,?,277.15,?,'Cold room maintained at 277.15K',?,"'0.1M trisodium citrate pH 5.5, 20% w/v PEG3000'",?
9VAO,0.9989334758414576,1.82,41044763,?,?,1,?,"'VAPOR DIFFUSION, HANGING DROP'",?,?,?,?,?,?,277,?,?,?,"'Tris buffer pH 8.0, Sodium dihydrogen phosphate/Potassium hydrogen phosphate'",?
6XG3,0.9973074595812952,2.4800,33531496,?,?,1,?,"'VAPOR DIFFUSION, HANGING DROP'",?,4.5,?,?,?,?,277,?,?,?,"'0.1 M acetate buffer, 0.8 NaH2PO4/1.2 M K2HPO4'",?
7CJD,0.9973074595812952,2.5010,32895623,?,?,1,?,"'VAPOR DIFFUSION, HANGING DROP'",?,8.1,?,?,?,?,296,?,?,?,"'3%dextran sulfate sodium salt,0.1m Bicine ph8.5,15%PEG20000'",?
7D47,0.9973074595812952,1.9700,NA,?,?,1,?,"'VAPOR DIFFUSION, SITTING DROP'",?,7.0,?,?,?,?,283,?,?,?,"'0.1M Tris 7 , 0.2M CaOAc, 18% PEG 8000'",?
7E35,0.9973074595812952,2.40,33979649,?,?,1,?,"'VAPOR DIFFUSION, SITTING DROP'",?,5.5,?,?,?,?,289,?,?,?,"'0.1M sodium citrate tribasic dihydrate at pH 5.5, 16%(v/v) PEG 8000'",?
7KOK,0.9973074595812952,2.0000,NA,?,?,1,?,"'VAPOR DIFFUSION, HANGING DROP'",?,6.0,?,?,?,?,277,?,?,?,"'0.1 M MES buffer, 0.2 M zinc acetate, 10% PEG 8000, 4 mM PLP_Snyder496'",?
7M1Y,0.9973074595812952,2.0200,NA,?,?,1,?,"'VAPOR DIFFUSION, SITTING DROP'",?,8.5,?,?,?,?,277,?,?,?,"'0.1 M Tris-Cl, pH 8.5, 3.5 M sodium formate, 0.1 M sodium iodide, 4 mM ebselen'",?
7RBR,0.9973074595812952,1.8800,37185902,?,?,1,?,"'VAPOR DIFFUSION, SITTING DROP'",?,7.5,?,?,?,?,280,?,?,?,"'0.2 M di-sodium tartrate, 20% PEG-3350,'",?
7RBS,0.9973074595812952,2.9800,37185902,?,?,1,?,"'VAPOR DIFFUSION, SITTING DROP'",?,7.5,?,?,?,?,289,?,?,?,"'0.02 M MgCl2, 0.1 M HEPES buffer, 22% poly(acrylicacid sodium salt) 5100'",?
7SQE,0.9973074595812952,2.0000,NA,?,?,1,?,"'VAPOR DIFFUSION, SITTING DROP'",?,7.5,?,?,?,?,277,?,?,?,"'0.2 M lithium citrate, 20% PEG3350'",?
7TZJ,0.9973074595812952,2.66,35494659,?,?,1,?,"'VAPOR DIFFUSION, HANGING DROP'",?,5.46,?,?,?,?,281,?,?,?,";0.117 M Zinc acetate
21.6% PEG 8000
0.1 M bis-tris chloride (pH 5.46)
;",?
8FWN,0.9973074595812952,1.50,NA,?,?,1,?,"'VAPOR DIFFUSION, SITTING DROP'",?,4.5,?,?,?,?,277,?,?,?,"'100 mM Sodium acetate, 0.8 M Monosodium phosphate, 1.2 M Dipotassium hydrogen phosphate'",?
8YX4,0.9973074595812952,2.28,39580525,?,?,1,?,"'VAPOR DIFFUSION, SITTING DROP'",?,7.5,?,?,?,?,298,?,?,?,"'5 mM CoCl2.6H2O, 5 mM NiCl2.6H2O, 5 mM CdCl2.H2O, 5 mM MgCl2.6H2O, 0.1 M HEPES pH 7.5, 12% w/v PEG 3350'",?
8YX5,0.9973074595812952,1.74,39580525,?,?,1,?,"'VAPOR DIFFUSION, SITTING DROP'",?,7.6,?,?,?,?,298,?,?,?,"'0.03 M Citric acid, 0.07 M BIS-TRIS propane)/pH 7.6, 20% w/v PEG 3350'",?
9CSY,0.9973074595812952,2.595,39213347,?,?,1,?,"'VAPOR DIFFUSION, SITTING DROP'",?,?,?,?,?,?,293.15,?,?,?,"'0.1 M Sodium citrate tribasic dihydrate pH 5.0, 30% v/v Jeffamine ED-2001 pH 7.0'",?
9CYD,0.9973074595812952,2.80,40180914,?,?,1,?,"'VAPOR DIFFUSION, SITTING DROP'",?,7.6,?,?,?,?,277,?,?,?,";0.3 M Sodium Malonate
6% w/v PGA-LM
0.05 mM Zinc Chloride
0.1 M Tris pH 7.6
;",?
6YVA,0.9967479674796749,3.18,32726803,?,?,1,?,"'VAPOR DIFFUSION, SITTING DROP'",?,6.5,?,?,?,?,293,?,?,?,"'18% PEG4450, 100 mM bis-tris propane pH 6.5, 200 mM Potassium thiocyanate'",?
7JIV,0.9967479674796749,2.0500,33531496,?,?,1,?,"'VAPOR DIFFUSION, HANGING DROP'",?,6.0,?,?,?,?,277,?,?,?,"'0.1 M MES buffer, 0.2 M zinc acetate, 10% PEG 8000, 4 mM PLP_Snyder530'",?
7KOJ,0.9967479674796749,2.0200,NA,?,?,1,?,"'VAPOR DIFFUSION, HANGING DROP'",?,6.0,?,?,?,?,277,?,?,?,"'0.1 M MES buffer, 0.2 M zinc acetate, 10% PEG 8000, 4 mM PLP_Snyder494'",?
7SGV,0.9967479674796749,2.0000,NA,?,?,1,?,"'VAPOR DIFFUSION, SITTING DROP'",?,7.0,?,?,?,?,277,?,?,?,"'3 M sodium chloride, 0.1 M Bis_tris buffer, pH 5.5'",?
8XTD,0.9967479674796749,2.700,41527419,?,?,1,?,"'VAPOR DIFFUSION, SITTING DROP'",?,?,?,?,?,?,277.15,?,?,?,"'0.1 M Tris-HCl (pH 7.5-9.0), 1.4 M NaH2PO4, 2-15% Glycerol'",7.5-9.0
9BF7,0.9967479674796749,1.68,40297819,?,?,1,?,"'VAPOR DIFFUSION, SITTING DROP'",?,7.0,?,?,?,?,277.15,?,?,?,"'Monosodium phosphate, dipotassium phosphate, tris-HCl, sucrose'",?
9F7P,0.9967479674796749,1.70,NA,?,?,1,?,"'VAPOR DIFFUSION, SITTING DROP'",?,6.0,?,?,?,?,288,?,?,?,'1.8 M sodium malonate',?
9F7Q,0.9967479674796749,2.30,NA,?,?,1,?,"'VAPOR DIFFUSION, SITTING DROP'",?,6.0,?,?,?,?,288,?,?,?,"'2.5 M ammonium sulfate,0.1M MES'",?
9HHH,0.9967479674796749,1.98,NA,?,?,1,?,"'VAPOR DIFFUSION, HANGING DROP'",?,8,?,?,?,?,293.15,?,?,?,"'1.45 M Ammonium Sulfate, 0.1 M Bicine pH 8, 10 % Glycerol'",?
6WRH,0.9957508919473315,1.6000,33531496,?,?,1,?,"'VAPOR DIFFUSION, SITTING DROP'",?,4.5,?,?,?,?,277,?,?,?,"'0.1 M Acetate buffer, 0.8 M NaH2PO4 / 1.2 M K2HPO4'",?
7CJM,0.9957508919473315,3.2000,33473130,?,?,1,?,"'VAPOR DIFFUSION, SITTING DROP'",?,7.5,?,?,?,?,283,?,?,?,";12% PEG 3350, 0.1M Tris pH 7.5, 0.005M Cobalt(II) chloride hexahydrate, 0.005M Cadmium chloride hemi(pentahydrate), 0.005M Magnesium chloride hexahydrate, 0.005M Nickel(II) chloride hexahydrate
;",?
7D6H,0.9957508919473315,1.6000,33979649,?,?,1,?,"'VAPOR DIFFUSION, HANGING DROP'",?,4.5,?,?,?,?,289,?,?,?,"'0.1 M acetate buffer pH 4.5, 0.8 M NaH2PO4/1.2M K2HPO4'",?
7JIR,0.9957508919473315,2.0900,33531496,?,?,1,?,"'VAPOR DIFFUSION, HANGING DROP'",?,6.0,?,?,?,?,277,?,?,?,"'0.1 M MES buffer, 0.2 M zinc acetate, 10% PEG 8000, 4 mM PLP_Snyder457'",?
7JIT,0.9957508919473315,1.9500,33531496,?,?,1,?,"'VAPOR DIFFUSION, HANGING DROP'",?,6.0,?,?,?,?,277,?,?,?,"'0.1 M MES buffer, 0.2 M zinc acetate, 10% PEG 8000, 4 mM PLP_Snyder495'",?
7KRX,0.9957508919473315,2.7200,NA,?,?,1,?,"'VAPOR DIFFUSION, HANGING DROP'",?,6.0,?,?,?,?,277,?,?,?,"'0.1 M MES buffer pH 6.0, 0.2 M zinc acetate, 10% PEG 8000, 4 mM PLP_Snyder441'",?
7SGU,0.9957508919473315,1.7900,NA,?,?,1,?,"'VAPOR DIFFUSION, SITTING DROP'",?,4.5,?,?,?,?,277,?,?,?,"'0.1 M sodium acetate pH 4.5, 2 M sodium formate, 4 mM PLP_Snyder608'",?
8JUX,0.9957508919473315,3.2,NA,?,?,1,?,"'VAPOR DIFFUSION, SITTING DROP'",?,?,?,?,?,?,283,?,?,?,"'0.05 M sodium cacodylate, pH5.5 , 0.1 M Magnesium acetate, 16% PEG6k'",?
8X1X,0.9957508919473315,2.300,41527419,?,?,1,?,"'VAPOR DIFFUSION, SITTING DROP'",?,?,?,?,?,?,277.15,?,?,?,"'0.1 M Tris-HCl (pH 7.5-9.0), 1.4 M NaH2PO4,  2-15% Glycerol'",?
8YX2,0.9957508919473315,2.31,39580525,?,?,1,?,"'VAPOR DIFFUSION, SITTING DROP'",?,7.5,?,?,?,?,298,?,?,?,"'0.2 M Lithium sulfate monohydrate, 0.1M HEPES pH7.5, 25% w/v PEG 3350'",?
8YX3,0.9957508919473315,2.60,39580525,?,?,1,?,"'VAPOR DIFFUSION, SITTING DROP'",?,7.6,?,?,?,?,298,?,?,?,"'0.03 M Citric acid, 0.07 M BIS-TRIS propane)/pH 7.6, 20% w/v PEG 3350'",?
8ZSE,0.9957508919473315,2.80,NA,?,?,1,?,"'VAPOR DIFFUSION, HANGING DROP'",?,?,?,?,?,?,277,?,?,?,"'0.05 M Zinc acetate dihydrate, 20% w/v Polyethylene glycol 3,350'",?
9CYB,0.9957508919473315,1.98,40180914,?,?,1,?,"'VAPOR DIFFUSION, SITTING DROP'",?,5.72,?,?,?,?,281,?,?,?,";0.2 M Sodium Succinate
10% PEG 8000 (w/v)
0.1 M trisodium citrate-citric acid pH 5.72
;",?
9CYC,0.9957508919473315,2.01,40180914,?,?,1,?,"'VAPOR DIFFUSION, SITTING DROP'",?,5.4,?,?,?,?,281,?,?,?,";0.2 M Sodium Acetate
10% PEG 8000 (w/v)
0.1 M trisodium citrate-citric acid pH 5.4
;",?
9CYK,0.9957508919473315,1.88,40180914,?,?,1,?,"'VAPOR DIFFUSION, SITTING DROP'",?,5.97,?,?,?,?,281,?,?,?,";0.2 M Lithium Acetate
10% w/v PEG 8000
0.1 M trisodium citrate-citric acid pH 5.97
0.44 mM Inhibitor
;",?
9F7R,0.9957508919473315,1.50,NA,?,?,1,?,"'VAPOR DIFFUSION, SITTING DROP'",?,4.5,?,?,?,?,288,?,?,?,"'1.2M K2HPO4, 0.8M NaH2PO4, 0.1M sodium acetate'",?
7UV5,0.9956814433211325,1.4500,37185902,?,?,1,?,"'VAPOR DIFFUSION, HANGING DROP'",?,7.5,?,?,?,?,289,?,?,?,"'0.2 M sodium tartrate, 15% PEG3350'",?
7YBG,0.9956814433211325,1.9000,NA,?,?,1,?,"'VAPOR DIFFUSION, SITTING DROP'",?,?,?,?,?,?,277,?,?,?,'1.4 M sodium malonate dibasic monohydrate',?
9VWY,0.9951219512195122,1.83,NA,?,?,1,?,"'VAPOR DIFFUSION, HANGING DROP'",?,?,?,?,?,?,277,?,?,?,"'Tris buffer pH 8.0, Sodium dihydrogen phosphate/Potassium hydrogen phosphate'",?
9F7S,0.9948684351910513,1.80,NA,?,?,1,?,"'VAPOR DIFFUSION, SITTING DROP'",?,6,?,?,?,?,288,?,?,?,"'1.4 M sodium malonate, 5% PEG300'",?
9PUY,0.9940554270609698,1.75,41521555,?,?,1,?,"'VAPOR DIFFUSION, HANGING DROP'",?,?,?,?,?,?,291,?,?,?,";0.2 mM sodium citrate and 15-25 % PEG-3350
27.7 mg/ml protein
1:1 drop ratio
;",?
9PV6,0.9940554270609698,1.45,41521555,?,?,1,?,"'VAPOR DIFFUSION, HANGING DROP'",?,7.0,?,?,?,?,291,?,?,?,";50 mM HEPES pH = 7.0, Tryptone 2-4 % w/v and 10-16 % PEG-3350
12 mg/mL protein
1:1 drop ratio
;",?
9PV9,0.9940554270609698,2.00,41521555,?,?,1,?,"'VAPOR DIFFUSION, HANGING DROP'",?,7.0,?,?,?,?,291,?,?,?,";50 mM HEPES pH = 7.0, Tryptone 2-4 % w/v and 10-16 % PEG-3350
12 mg/ mL portein
1:1 drop ratio
;",?
9PVI,0.9940554270609698,1.80,41521555,?,?,1,?,"'VAPOR DIFFUSION, HANGING DROP'",?,7.0,?,?,?,?,291,?,?,?,";50 mM HEPES pH = 7.0, Tryptone 2-4 % w/v and 10-16 % PEG-3350
12 mg/mL protein 
1:1 drop ratio
crystallization with weak affinity ligand then back soak with desired ligand for 2 days prior to freezing
;",?
9BRV,0.9934959349593495,2.60,39140055,?,?,1,?,"'VAPOR DIFFUSION, HANGING DROP'",?,?,?,?,?,?,291,?,?,?,"'0.2M magnesium formate, 15-25%PEG3350'",?
9PVK,0.9934959349593495,1.80,41521555,?,?,1,?,"'VAPOR DIFFUSION, HANGING DROP'",?,7.0,?,?,?,?,291,?,?,?,";50 mM HEPES pH = 7.0, Tryptone 2-4 % w/v and 10-16 % PEG-3350
12 mg/mL protein
1:1 drop ratio
cocrystalised with weak affinity ligand then back soaked with ligand of interest
;",?
9F7T,0.9933118675570876,2.05,NA,?,?,1,?,"'VAPOR DIFFUSION, SITTING DROP'",?,8.0,?,?,?,?,288,?,?,?,"'4M sodium chloride, 0.1M TRIS'",?
7D7K,0.9932424189308886,1.9000,33864621,?,?,1,?,EVAPORATION,?,8.0,?,?,?,?,293,?,?,?,"'0.1M Tris pH 8.0, 2.0M Ammonium sulfate, 0.033% w/v Caffeine, 0.033% w/v Dithioerythritol, 0.033% w/v L-Methionine'",?
7D7L,0.9926829268292683,2.1100,33864621,?,?,1,?,EVAPORATION,?,8.0,?,?,?,?,293,?,?,?,"'0.1M Tris pH 8.0, 2.0M Ammonium sulfate, 0.033% w/v Caffeine, 0.033% w/v Dithioerythritol, 0.033% w/v L-Methionine'",?
9BRW,0.9924988594270063,2.50,39140055,?,?,1,?,"'VAPOR DIFFUSION, HANGING DROP'",?,?,?,?,?,?,291,?,?,?,"'0.2M magnesium formate, 15-25% PEG3350'",?
9PUH,0.9918699186991871,2.39,41521555,?,?,1,?,"'VAPOR DIFFUSION, HANGING DROP'",?,?,?,?,?,?,291,?,?,?,";0.2 mM sodium citrate and 15-25 % PEG-3350
27.7 mg/mL protein
1:1 drop ratio
;",?
9PUJ,0.9918699186991871,2.00,41521555,?,?,1,?,"'VAPOR DIFFUSION, HANGING DROP'",?,?,?,?,?,?,291,?,?,?,";0.2 mM sodium citrate and 15-25 % PEG-3350
27.7 mg/mL protein
1:1 drop ratio
;",?
9U7D,0.991685851296925,2.70,NA,?,?,1,?,"'VAPOR DIFFUSION, SITTING DROP'",?,?,?,?,?,?,277,?,?,?,"'6% (w/v) PEG8000, 100 mM MES/Sodium hydroxide pH 6.0, 200 mM zinc acetate and 20% PEG400'",?
9F7U,0.9883643701504008,1.60,NA,?,?,1,?,"'VAPOR DIFFUSION, SITTING DROP'",?,6.0,?,?,?,?,288,?,?,?,'1.6 M sodium malonate',?
9F7Y,0.9878048780487805,1.80,NA,?,?,1,?,"'VAPOR DIFFUSION, HANGING DROP'",?,7.0,?,?,?,?,288,?,?,?,"'1.4 M sodium malonate, 0.1 M sodium succinate'",?
3E9S,0.9119416059227585,2.5,NA,,,1,,"'VAPOR DIFFUSION, SITTING DROP'",,7.5,,,,,298,,?,,";16h incubation of 8 mg/mL PLpro (in 20 mM Tris pH 7.5, 10 mM DTT) with 
200 uM inhibitor at 4  C. Precipitant: 1M LiCl2, 0.1M MES pH 6.0, 
30% PEG 6000. Cryo solution: well solution, 400 uM inhibitor, 16% glycerol, VAPOR DIFFUSION, Sitting DROP, temperature 298K
;",?
3MJ5,0.9119416059227585,2.63,20527968,,,1,,"'VAPOR DIFFUSION, SITTING DROP'",,6.5,,,,,298,,?,,";Diffraction-quality crystals grew from a sitting drop containing 5 mg/mL PLpro, 1 mM inhibitor, 1 M (NH4)2SO4, 50 mM MES, pH 6.5, and 2.5% PEG 400., VAPOR DIFFUSION, SITTING DROP, temperature 298K
;",?
4OVZ,0.9119416059227585,2.5,24568342,.,.,1,.,"'VAPOR DIFFUSION, SITTING DROP'",.,5.5,.,.,.,.,293,.,.,.,"'100 mM sodium citrate, pH 5.5, 40% (v/v) PEG 600'",.
5TL7,0.9119416059227585,2.44,28438633,?,?,1,?,"'VAPOR DIFFUSION, HANGING DROP'",?,8.0,?,?,?,?,293,?,?,?,"'65% (v/v) MPD, 0.1 M Tris [pH 8.0], supplemented with 30% (w/v) Trimethylamine N-oxide dihydrate additive in a 1:5 dilution'",?
7LFU,0.9119416059227585,2.2900,34547223,?,?,1,?,"'VAPOR DIFFUSION, SITTING DROP'",?,?,?,?,?,?,291,?,?,?,"'0.2 M sodium thiocyanate, and 20% w/v polyethylene glycol 3350'",?
4MM3,0.9113821138211382,2.752,24854014,,,1,,"'VAPOR DIFFUSION, HANGING DROP'",,7.5,,,,,277,,?,,"'0.1 M HEPES, pH 7.5, 10% isopropanol, 20% PEG4000, VAPOR DIFFUSION, HANGING DROP, temperature 277K'",?
4OW0,0.9113821138211382,2.10,24568342,.,.,1,.,"'VAPOR DIFFUSION, SITTING DROP'",.,5.5,.,.,.,.,293,.,.,.,"'100 mM sodium citrate, pH 5.5, 40% (v/v) PEG 600'",.
5TL6,0.9113821138211382,2.618,28438633,?,?,1,?,"'VAPOR DIFFUSION, HANGING DROP'",?,6.5,?,?,?,?,293,?,?,?,"'0.1 M lithium sulfate, 0.1 M Bis-tris [pH 6.5], 22% PEG 3350, supplemented with 30% (v/v) glycerol additive in a 1:5 dilution'",?
7LFV,0.9113821138211382,2.2300,34547223,?,?,1,?,"'VAPOR DIFFUSION, SITTING DROP'",?,?,?,?,?,?,291,?,?,?,"'0.2 M ammonium sulfate, 16% w/v polyethylene glycol 3350'",?
5E6J,0.9103850382887949,2.850,27203180,?,?,1,?,"'VAPOR DIFFUSION, HANGING DROP'",?,5.5,?,?,?,?,285,?,'Crystal moved to 277K 24-hour prior to mounting',?,"'0.1 M MES, 0.1 M lithium acetate, 17% PEG 6000'",?
2FE8,0.9103155896625958,1.85,16581910,,,1,,?,,5.20,,,,,295,,?,,"'1.3 M ammonium sulfate, 100 mM sodium citrate, pH 5.2, VAPOR DIFFUSION, HANGING DROP, temperature 295K, pH 5.20'",.
5Y3Q,0.9097560975609755,1.65,29289665,?,?,1,?,"'VAPOR DIFFUSION, SITTING DROP'",?,8.0,?,?,?,?,295,?,?,?,"'PEG3350, Bis-Tris propane/citric acid'",?
7SKQ,0.9097560975609755,3.16,35199517,?,?,1,?,"'VAPOR DIFFUSION, HANGING DROP'",?,?,?,?,?,?,295,?,?,?,"'0.2M Ammonium Acetate, 20% PEG 1000'",?
7SKR,0.9097560975609755,2.8900,35199517,?,?,1,?,"'VAPOR DIFFUSION, HANGING DROP'",?,?,?,?,?,?,279,?,?,?,"'0.1 M Tris-HCl pH 8.5, 0.6M sodium fluoride'",?
5Y3E,0.9087590220286323,1.65,29289665,?,?,1,?,"'VAPOR DIFFUSION, SITTING DROP'",?,8.0,?,?,?,?,295,?,?,?,"'PEG8000, HEPES'",?
4M0W,0.9081300813008131,1.40,24531491,,,1,,"'VAPOR DIFFUSION, SITTING DROP'",,9.5,,,,,295,,?,,"'18% PEG 3000, 0.1M CHES, pH 9.5, VAPOR DIFFUSION, SITTING DROP, temperature 295K'",.
9CEH,0.9048780487804878,3.25,41256988,?,?,1,?,"'VAPOR DIFFUSION, HANGING DROP'",?,?,?,?,?,?,295,?,?,?,"'16% (w/v) PEG 8000, 40 mM Potassium phosphate monobasic, 20% (v/v) Glycerol'",?
4R3D,0.5884338187765998,2.818,NA,,,1,,"'VAPOR DIFFUSION, HANGING DROP'",,7.0,,,,,291,,?,,"'0.1M sodium chloride, 0.1M HEPES (pH 7.0), 1.6M ammonium sulfate, VAPOR DIFFUSION, HANGING DROP, temperature 291K'",?
4PT5,0.5883643701504008,2.59,NA,,,1,,"'VAPOR DIFFUSION, HANGING DROP'",,6.5,,,,,289,,?,,"'1.0 M sodium citrate, 0.1 M cacodylate, pH 6.5, VAPOR DIFFUSION, HANGING DROP, temperature 289K'",?
4RNA,0.5883643701504008,1.794,25746232,,,1,,"'VAPOR DIFFUSION, HANGING DROP'",,8.0,,,,,289,,?,,";0.056 M sodium phosphate monobasic monohydrate, 1.344 M potassium phosphate, pH 8.0, 20% glycerol, VAPOR DIFFUSION, HANGING DROP, temperature 289K
;",?
4REZ,0.5878048780487805,2.800,25320088,,,1,,"'VAPOR DIFFUSION, HANGING DROP'",,5.6,,,,,293,,?,,"'18% PEG 4000, 0.1 M trisodium citrate, 16% isopropanol, pH 5.6, VAPOR DIFFUSION, HANGING DROP, temperature 293K'",?
5V6A,0.5878048780487805,2.700,28542609,?,?,1,?,"'VAPOR DIFFUSION, HANGING DROP'",?,5.6,?,?,?,?,294.15,?,?,?,"'0.1 M trisodium citrate pH 5.6, 19% (w/v) PEG 4000, 19% (v/v) 1,2-isopropanediol'",?
4P16,0.5868078025164372,2.50,24992731,.,.,1,.,"'VAPOR DIFFUSION, SITTING DROP'",.,8.0,.,.,.,.,291,.,.,.,";0.056 M sodium dihydrogenphosphate monohydrate (NaH2PO4), 1.344 M potassium monohydrogenphosphate (K2HPO4), pH 8.0, and 15% glycerol
;",?
4RF0,0.5868078025164372,2.800,25320088,,,1,,"'VAPOR DIFFUSION, HANGING DROP'",,8.5,,,,,293,,?,,"'1.80 M ammonium sulphate, pH 8.5, VAPOR DIFFUSION, HANGING DROP, temperature 293K'",?
4RF1,0.5868078025164372,2.150,25320088,,,1,,"'VAPOR DIFFUSION, HANGING DROP'",,5.4,,,,,293,,?,,"'20% PEG 4000, 0.1 M trisodium citrate, 20% isopropanol, pH 5.4, VAPOR DIFFUSION, HANGING DROP, temperature 293K'",?
5V69,0.5868078025164372,2.550,28542609,?,?,1,?,"'VAPOR DIFFUSION, HANGING DROP'",?,5.6,?,?,?,?,294.15,?,?,?,"'0.1 M trisodium citrate pH 5.6, 20% (w/v) polyethylene glycol (PEG) 4000, 20% (v/v) isopropanol'",?
5W8T,0.5868078025164372,2.758,28931677,?,?,1,?,"'VAPOR DIFFUSION, HANGING DROP'",?,?,?,?,?,?,293,?,?,?,"'200 mM CaCl2, 100 mM NaO2C2H3 pH 4.6, 28% (v/v) MPD'",?
5W8U,0.5868078025164372,2.411,28931677,?,?,1,?,"'VAPOR DIFFUSION, HANGING DROP'",?,?,?,?,?,?,293,?,?,?,"'200 mM CaCl2, 100 mM NaO2C2H3 pH 4.6, 28% (v/v) MPD'",?
4WUR,0.5845528455284553,3.160,27245450,?,?,1,?,"'VAPOR DIFFUSION, SITTING DROP'",?,4.8,?,?,?,?,291,?,?,?,"'22% w/v PEG 4000, 15% v/v 2-propanol, 0.1M tri-sodium citrate pH 4.8 and 10% glycerol'",4.6-5.0
4YPT,0.5705476399148112,2.6009,26296883,?,?,1,?,"'VAPOR DIFFUSION, SITTING DROP'",?,?,?,?,?,?,293,?,?,?,"'100mM HEPES, 4% PEG400, 2M (NH4)2SO4 and 5mM DTT'",'6.8 - 8.3'
5WFI,0.5682926829268293,1.851,NA,?,?,1,?,"'VAPOR DIFFUSION, HANGING DROP'",?,7.5,?,?,?,?,295,?,'Room Temperature',?,"'50 mM Tris, pH 7.5, 100 mM sodium chloride, 5 mM DTT, 0.2 M potassium formate, 20% PEG3350'",?
6BI8,0.5615351018577179,2.291,31765674,?,?,1,?,"'VAPOR DIFFUSION, SITTING DROP'",?,8.3,?,?,?,?,293.15,?,?,?,";0.25 M Potassium Citrate, pH 8.3
20% PEG3350
;",?
7THH,0.5601626016260163,1.3200,NA,?,?,1,?,"'VAPOR DIFFUSION, SITTING DROP'",?,7.6,?,?,?,?,289,?,?,?,"'0.2 M ammonium iodide, 20% PEG 3350'",?
5KO3,0.5593495934959349,1.949,28079137,?,?,1,?,"'VAPOR DIFFUSION, SITTING DROP'",?,8.5,?,?,?,?,277,?,?,?,"'0.1 M Tris-HCl, pH 8.5, 5.5 M Ammonium acetate, vapor diffusion, sitting drop, 277K'",?
6LN0,0.5,2.4550,33327866,?,?,1,?,"'VAPOR DIFFUSION, SITTING DROP'",?,?,?,?,?,?,293,?,?,?,"'PEG 20000, imidazole, Bis-tris'",?
