PDB_ID,Score,Resolution,Pubmed_id,Assembly,Method,pH,Temp,pdbx_details,pdbx_pH_range,Ligands,Compounds(con_unit=mM)
13QH,0.5988733157404023,2.84,41638277.0,monomeric,"'VAPOR DIFFUSION, SITTING DROP'",6.0,291.0,'1.4 M Sodium Maleate pH 6.0',,"ZN, A1AW9",sodium maleate (1400.0)
13QG,0.5988733157404023,2.43,41638277.0,monomeric,"'VAPOR DIFFUSION, SITTING DROP'",6.0,291.0,'1.4 M Sodium Maleate pH 6.0',,"ZN, MLI, A1CWJ",sodium maleate (1400.0)
13PU,0.5988733157404023,2.18,41638277.0,monomeric,"'VAPOR DIFFUSION, SITTING DROP'",6.0,291.0,'1.4 M Sodium Maleate pH 6.0',,"A1CWD, MLI, ZN",sodium maleate (1400.0)
13PX,0.5988733157404023,2.47,41638277.0,monomeric,"'VAPOR DIFFUSION, SITTING DROP'",6.0,291.0,'1.4 M Sodium Maleate pH 6.0',,"ZN, A1CWF",sodium maleate (1400.0)
13PZ,0.5988733157404023,2.56,41638277.0,monomeric,"'VAPOR DIFFUSION, SITTING DROP'",6.0,291.0,'1.4 M Sodium Maleate pH 6.0',,"ZN, MLI, A1CWG",sodium maleate (1400.0)
13OQ,0.5988733157404023,2.45,41638277.0,monomeric,"'VAPOR DIFFUSION, SITTING DROP'",6.0,291.0,'1.4 M Sodium Maleate pH 6.0',,"ZN, A1CVM",sodium maleate (1400.0)
13QI,0.5988733157404023,2.82,41638277.0,monomeric,"'VAPOR DIFFUSION, SITTING DROP'",6.0,291.0,'1.4 M Sodium Maleate pH 6.0',,"A1CWN, ZN",sodium maleate (1400.0)
13QO,0.5988733157404023,2.04,41638277.0,monomeric,"'VAPOR DIFFUSION, SITTING DROP'",6.0,291.0,'1.4 M Sodium Maleate pH 6.0',,"ZN, MLI, A1CWV",sodium maleate (1400.0)
13QR,0.5988733157404023,2.04,41638277.0,monomeric,"'VAPOR DIFFUSION, SITTING DROP'",6.0,291.0,'1.4 M Sodium Maleate pH 6.0',,"ZN, MLI, A1CWZ",sodium maleate (1400.0)
13QM,0.5988733157404023,2.12,41638277.0,monomeric,"'VAPOR DIFFUSION, SITTING DROP'",6.0,291.0,'1.4 M Sodium Maleate pH 6.0',,"ZN, A1CWU",sodium maleate (1400.0)
13QP,0.5988733157404023,2.16,41638277.0,monomeric,"'VAPOR DIFFUSION, SITTING DROP'",6.0,291.0,'1.4 M Sodium Maleate pH 6.0',,"ZN, MLI, A1EE3",sodium maleate (1400.0)
13QV,0.5988733157404023,2.03,41638277.0,monomeric,"'VAPOR DIFFUSION, SITTING DROP'",6.0,291.0,'1.4 M Sodium Maleate pH 6.0',,"ZN, MLI, A1CW2",sodium maleate (1400.0)
13RH,0.5988733157404023,1.98,41638277.0,monomeric,"'VAPOR DIFFUSION, SITTING DROP'",6.0,291.0,'1.4 M Sodium Maleate pH 6.0',,"ZN, MLI, A1CXG",sodium maleate (1400.0)
9HHH,0.5988733157404023,1.98,,dimeric,"'VAPOR DIFFUSION, HANGING DROP'",8.0,293.15,"'1.45 M Ammonium Sulfate, 0.1 M Bicine pH 8, 10 % Glycerol'",,"GOL, ZN, SO4","ammonium sulfate (1450.0), bicine (100.0), glycerol (10%)"
9PVK,0.5988733157404023,1.8,41521555.0,monomeric,"'VAPOR DIFFUSION, HANGING DROP'",7.0,291.0,";50 mM HEPES pH = 7.0, Tryptone 2-4 % w/v and 10-16 % PEG-3350
12 mg/mL protein
1:1 drop ratio
cocrystalised with weak affinity ligand then back soaked with ligand of interest
;",2-4,"A1CLL, EDO, ZN","HEPES (50.0), tryptone (None), PEG 3350 (13.0%), cocrystalised (1), weak affinity (None), back (None)"
9F7Q,0.5988733157404023,2.3,,monomeric,"'VAPOR DIFFUSION, SITTING DROP'",6.0,288.0,"'2.5 M ammonium sulfate,0.1M MES'",,"GOL, SO4, ZN","ammonium sulfate (2500.0), MES (100.0)"
9F7P,0.5988733157404023,1.7,,monomeric,"'VAPOR DIFFUSION, SITTING DROP'",6.0,288.0,'1.8 M sodium malonate',,"MLI, CL, NA, PEG, ZN",sodium malonate (1800.0)
9BRV,0.5988733157404023,2.6,39140055.0,monomeric(*),"'VAPOR DIFFUSION, HANGING DROP'",,291.0,"'0.2M magnesium formate, 15-25%PEG3350'",,"A1ASK, ZN, SO4, CL","magnesium formate (200.0), PEG 3350 (20.0%)"
13MK,0.5988079107404022,2.26,41638277.0,monomeric,"'VAPOR DIFFUSION, SITTING DROP'",6.0,291.0,'1.4 M Sodium Maleate pH 6.0',,"ZN, MLI, A1AYD",sodium maleate (1400.0)
13ML,0.5988079107404022,2.16,41638277.0,monomeric,"'VAPOR DIFFUSION, SITTING DROP'",6.0,291.0,'1.4 M Sodium Maleate pH 6.0',,"ZN, MLI, A1CT1",sodium maleate (1400.0)
13MM,0.5988079107404022,2.14,41638277.0,monomeric,"'VAPOR DIFFUSION, SITTING DROP'",6.0,291.0,'1.4 M Sodium Maleate pH 6.0',,"ZN, MLI, 6OT",sodium maleate (1400.0)
13MV,0.5988079107404022,2.47,41638277.0,monomeric,"'VAPOR DIFFUSION, SITTING DROP'",6.0,291.0,'1.4 M Sodium Maleate pH 6.0',,"ZN, A1CUK",sodium maleate (1400.0)
13MT,0.5988079107404022,1.94,41638277.0,monomeric,"'VAPOR DIFFUSION, SITTING DROP'",6.0,291.0,'1.4 M Sodium Maleate pH 6.0',,"ZN, MLI, X4P",sodium maleate (1400.0)
13MZ,0.5988079107404022,2.09,41638277.0,monomeric,"'VAPOR DIFFUSION, SITTING DROP'",6.0,291.0,'1.4 M Sodium Maleate pH 6.0',,"ZN, MLI, A1CUP",sodium maleate (1400.0)
13NC,0.5988079107404022,1.94,41638277.0,monomeric,"'VAPOR DIFFUSION, SITTING DROP'",6.0,291.0,'1.4 M Sodium Maleate pH 6.0',,"ZN, MLI, A1CUS",sodium maleate (1400.0)
13NI,0.5988079107404022,1.94,41638277.0,monomeric,"'VAPOR DIFFUSION, SITTING DROP'",6.0,291.0,'1.4 M Sodium Maleate pH 6.0',,"ZN, MLI, F2L",sodium maleate (1400.0)
13NJ,0.5988079107404022,2.09,41638277.0,monomeric,"'VAPOR DIFFUSION, SITTING DROP'",6.0,291.0,'1.4 M Sodium Maleate pH 6.0',,"ZN, XZT, MLI",sodium maleate (1400.0)
13OB,0.5988079107404022,2.45,41638277.0,monomeric,"'VAPOR DIFFUSION, SITTING DROP'",6.0,291.0,'1.4 M Sodium Maleate pH 6.0',,"ZN, MLI, A1CVB",sodium maleate (1400.0)
13NX,0.5988079107404022,2.24,41638277.0,monomeric,"'VAPOR DIFFUSION, SITTING DROP'",6.0,291.0,'1.4 M Sodium Maleate pH 6.0',,"ZN, A1CVA, MLI",sodium maleate (1400.0)
13OA,0.5988079107404022,2.12,41638277.0,monomeric,"'VAPOR DIFFUSION, SITTING DROP'",6.0,291.0,'1.4 M Sodium Maleate pH 6.0',,"ZN, MLI, A1AYG",sodium maleate (1400.0)
13OG,0.5988079107404022,2.08,41638277.0,monomeric,"'VAPOR DIFFUSION, SITTING DROP'",6.0,291.0,'1.4 M Sodium Maleate pH 6.0',,"ZN, MLI, V4X",sodium maleate (1400.0)
13OI,0.5988079107404022,2.86,41638277.0,monomeric,"'VAPOR DIFFUSION, SITTING DROP'",6.0,291.0,'1.4 M Sodium Maleate pH 6.0',,"A1CVH, ZN",sodium maleate (1400.0)
13OK,0.5988079107404022,2.08,41638277.0,monomeric,"'VAPOR DIFFUSION, SITTING DROP'",6.0,291.0,'1.4 M Sodium Maleate pH 6.0',,"ZN, MLI, A1CVF",sodium maleate (1400.0)
13OV,0.5988079107404022,2.2,41638277.0,monomeric,"'VAPOR DIFFUSION, SITTING DROP'",6.0,291.0,'1.4 M Sodium Maleate pH 6.0',,"ZN, MLI, A1CVX",sodium maleate (1400.0)
13OO,0.5988079107404022,2.05,41638277.0,monomeric,"'VAPOR DIFFUSION, SITTING DROP'",6.0,291.0,'1.4 M Sodium Maleate pH 6.0',,"ZN, MLI, A1CVP",sodium maleate (1400.0)
13PB,0.5988079107404022,2.23,41638277.0,monomeric,"'VAPOR DIFFUSION, SITTING DROP'",6.0,291.0,'1.4 M Sodium Maleate pH 6.0',,"A1AX0, ZN",sodium maleate (1400.0)
13OW,0.5988079107404022,2.98,41638277.0,monomeric,"'VAPOR DIFFUSION, SITTING DROP'",6.0,291.0,'1.4 M Sodium Maleate pH 6.0',,"A1CVW, ZN",sodium maleate (1400.0)
13PS,0.5988079107404022,2.41,41638277.0,monomeric,"'VAPOR DIFFUSION, SITTING DROP'",6.0,291.0,'1.4 M Sodium Maleate pH 6.0',,"ZN, A1AX8",sodium maleate (1400.0)
13PO,0.5988079107404022,2.0,41638277.0,monomeric,"'VAPOR DIFFUSION, SITTING DROP'",6.0,291.0,'1.4 M Sodium Maleate pH 6.0',,"ZN, MLI, A1CV7",sodium maleate (1400.0)
13PV,0.5988079107404022,2.17,41638277.0,monomeric,"'VAPOR DIFFUSION, SITTING DROP'",6.0,291.0,'1.4 M Sodium Maleate pH 6.0',,"ZN, UTG",sodium maleate (1400.0)
13PC,0.5988079107404022,2.28,41638277.0,monomeric,"'VAPOR DIFFUSION, SITTING DROP'",6.0,291.0,'1.4 M Sodium Maleate pH 6.0',,"ZN, MLI, A1CV0",sodium maleate (1400.0)
13QC,0.5988079107404022,2.22,41638277.0,monomeric,"'VAPOR DIFFUSION, SITTING DROP'",6.0,291.0,'1.4 M Sodium Maleate pH 6.0',,"A1CWI, MLI, ZN",sodium maleate (1400.0)
13QJ,0.5988079107404022,2.58,41638277.0,monomeric,"'VAPOR DIFFUSION, SITTING DROP'",6.0,291.0,'1.4 M Sodium Maleate pH 6.0',,"A1CWO, MLI, ZN",sodium maleate (1400.0)
13QL,0.5988079107404022,2.24,41638277.0,monomeric,"'VAPOR DIFFUSION, SITTING DROP'",6.0,291.0,'1.4 M Sodium Maleate pH 6.0',,"ZN, A1CWT, MLI",sodium maleate (1400.0)
13QN,0.5988079107404022,2.9,41638277.0,monomeric,"'VAPOR DIFFUSION, SITTING DROP'",6.0,291.0,'1.4 M Sodium Maleate pH 6.0',,"ZN, Y1H",sodium maleate (1400.0)
13QE,0.5988079107404022,1.96,41638277.0,monomeric,"'VAPOR DIFFUSION, SITTING DROP'",6.0,291.0,'1.4 M Sodium Maleate pH 6.0',,"ZN, MLI, A1AW5",sodium maleate (1400.0)
13QS,0.5988079107404022,2.12,41638277.0,monomeric,"'VAPOR DIFFUSION, SITTING DROP'",6.0,291.0,'1.4 M Sodium Maleate pH 6.0',,"ZN, MLI, A1CW0",sodium maleate (1400.0)
13QT,0.5988079107404022,1.75,41638277.0,monomeric,"'VAPOR DIFFUSION, SITTING DROP'",6.0,291.0,'1.4 M Sodium Maleate pH 6.0',,"ZN, MLI, A1CW1",sodium maleate (1400.0)
13RF,0.5988079107404022,2.83,41638277.0,monomeric,"'VAPOR DIFFUSION, SITTING DROP'",6.0,291.0,'1.4 M Sodium Maleate pH 6.0',,"A1CXD, ZN",sodium maleate (1400.0)
13RE,0.5988079107404022,2.28,41638277.0,monomeric,"'VAPOR DIFFUSION, SITTING DROP'",6.0,291.0,'1.4 M Sodium Maleate pH 6.0',,"MLI, A1CXC, ZN",sodium maleate (1400.0)
9F7R,0.5988079107404022,1.5,,monomeric,"'VAPOR DIFFUSION, SITTING DROP'",4.5,288.0,"'1.2M K2HPO4, 0.8M NaH2PO4, 0.1M sodium acetate'",,"GOL, PO4, ZN","potassium hydrogen phosphate (1200.0), sodium dihydrogen phosphate (800.0), sodium acetate (100.0)"
13RG,0.5988079107404022,2.08,41638277.0,monomeric,"'VAPOR DIFFUSION, SITTING DROP'",6.0,291.0,'1.4 M Sodium Maleate pH 6.0',,"ZN, MLI, A1CXE",sodium maleate (1400.0)
9BRW,0.5988079107404022,2.5,39140055.0,monomeric(*),"'VAPOR DIFFUSION, HANGING DROP'",,291.0,"'0.2M magnesium formate, 15-25% PEG3350'",,"A1ARL, ZN, CL","magnesium formate (200.0), PEG 3350 (20.0%)"
8JUX,0.5988079107404022,3.2,,monomeric(*),"'VAPOR DIFFUSION, SITTING DROP'",5.5,283.0,"'0.05 M sodium cacodylate, pH5.5 , 0.1 M Magnesium acetate, 16% PEG6k'",,"MG, V00","sodium cacodylate (50.0), magnesium acetate (100.0), PEG 6000 (16%)"
9VAO,0.5981562439579524,1.82,41044763.0,monomeric,"'VAPOR DIFFUSION, HANGING DROP'",8.0,277.0,"'Tris buffer pH 8.0, Sodium dihydrogen phosphate/Potassium hydrogen phosphate'",,"ZN, GOL, PO4","tris (None), sodium dihydrogen phosphate (None), potassium hydrogen phosphate (None)"
9M91,0.5972421671755027,2.3,,dimeric,EVAPORATION,6.0,277.0,'1.6 M Sodium Malonate Dibasic Monohydrate',,"BZX, CL, ZN",
7D6H,0.5978938339579525,1.6,33979649.0,dimeric,"'VAPOR DIFFUSION, HANGING DROP'",4.5,289.0,"'0.1 M acetate buffer pH 4.5, 0.8 M NaH2PO4/1.2M K2HPO4'",,"ZN, PO4","sodium acetate (100.0), nah2po4/12m k2hpo4 (800.0)"
9M97,0.5972421671755027,2.43,,dimeric,EVAPORATION,6.0,277.0,'1.6 M Sodium Malonate Dibasic Monohydrate',,"ZN, A1ENB",
9M93,0.5972421671755027,1.84,,dimeric,EVAPORATION,6.0,277.0,'1.6 M Sodium Malonate Dibasic Monohydrate',,"ZN, FB2, MLI",
9M9A,0.5972421671755027,2.36,,dimeric,EVAPORATION,6.0,277.0,'1.6 M Sodium Malonate Dibasic Monohydrate',,"ZN, 9VQ",
9M9B,0.5972421671755027,1.71,,dimeric,EVAPORATION,6.0,277.0,'1.6 M Sodium Malonate Dibasic Monohydrate',,"CL, MLI, A1ENC, ZN",
9MA9,0.5972421671755027,2.2,,dimeric,EVAPORATION,6.0,277.0,'1.6 M Sodium Malonate Dibasic Monohydrate pH 6.0',,"ZN, CL, A1ENJ, DTT, MLI",
9M9K,0.5972421671755027,1.87,,dimeric,EVAPORATION,,277.0,'1.6 M Sodium Malonate Dibasic Monohydrate',,"ZN, MLI, A1ENF",
9M90,0.5970451621755027,2.03,,dimeric,EVAPORATION,6.0,277.0,'1.6 M Sodium Malonate Dibasic Monohydrate',,"CL, A1EM7, DTT, MLI, ZN",
9MAL,0.5972421671755027,2.15,,dimeric,'VAPOR DIFFUSION',6.0,277.0,";1.6 M Sodium Malonate Dibasic Monohydrate
pH 6.0
;",,"ZN, CL, 8K2, MLI",
9M95,0.5970451621755027,1.74,,dimeric,EVAPORATION,,277.0,'1.6 M Sodium Malonate Dibasic Monohydrate',,"DTT, CL, MLI, A1EM9, ZN",
9M99,0.5970451621755027,2.28,,dimeric,EVAPORATION,6.0,277.0,'1.6 M Sodium Malonate Dibasic Monohydrate',,"CL, ZN, MLI, A1EE6",
9M94,0.5970451621755027,1.74,,dimeric,EVAPORATION,6.0,277.0,'1.6 M Sodium Malonate Dibasic Monohydrate',,"ZN, A1EM8, MLI, CL",
9MAF,0.5970451621755027,2.04,,dimeric,'VAPOR DIFFUSION',6.0,277.0,'1.6 M Sodium Malonate Dibasic Monohydrate pH 6.0',,"DJP, DTT, MLI, CL, ZN",
9M9J,0.5970451621755027,2.01,,dimeric,EVAPORATION,6.0,277.0,'1.6 M Sodium Malonate Dibasic Monohydrate',,"ZN, A1ENE, MLI",
9M9L,0.5970451621755027,2.07,,dimeric,EVAPORATION,6.0,277.0,'1.6 M Sodium Malonate Dibasic Monohydrate',,"ZN, CL, A1ENG, MLI",
9MAJ,0.5970451621755027,2.65,,dimeric,'VAPOR DIFFUSION',6.0,277.0,'1.6 M Sodium Malonate Dibasic Monohydrate pH 6.0',,"ZN, E5X",
9M92,0.5969797571755028,2.2,,dimeric,EVAPORATION,,277.0,'1.6 M Sodium Malonate Dibasic Monohydrate',,"ZN, YRL",
9M96,0.5969797571755028,1.78,,dimeric,EVAPORATION,,277.0,'1.6 M Sodium Malonate Dibasic Monohydrate',,"ZN, CL, A1ENA, MLI",
9M9C,0.5969797571755028,1.91,,dimeric,EVAPORATION,6.0,277.0,'1.6 M Sodium Malonate Dibasic Monohydrate',,"ZN, MLI, DTT, A1END, CL",
9MAB,0.5969797571755028,2.18,,dimeric,'VAPOR DIFFUSION',6.0,277.0,'1.6 M Sodium Malonate Dibasic Monohydrate pH 6.0',,"A1EHF, ZN",
9M8Z,0.5969797571755028,1.84,,dimeric,EVAPORATION,6.0,277.0,'1.6 M Sodium Malonate Dibasic Monohydrate',,"ZN, A1EM6",
9MAA,0.5969797571755028,2.38,,dimeric,EVAPORATION,6.0,277.0,'1.6 M Sodium Malonate Dibasic Monohydrate',,"A1ENK, MLI, ZN",
9MAC,0.5969797571755028,1.99,,dimeric,EVAPORATION,6.0,277.0,";1.6 M Sodium Malonate Dibasic Monohydrate
pH=6.0
;",,"A1AYY, MLI, ZN",
6XG3,0.596328090393053,2.48,33531496.0,monomeric(*),"'VAPOR DIFFUSION, HANGING DROP'",4.5,277.0,"'0.1 M acetate buffer, 0.8 NaH2PO4/1.2 M K2HPO4'",,"ZN, PO4, CL","sodium acetate (100.0), nah2po4/12 m k2hpo4 (0.8)"
9MAM,0.5969797571755028,1.81,,dimeric,EVAPORATION,6.0,277.0,'1.6 M Sodium Malonate Dibasic Monohydrate',,"A1ENH, MLI, ZN",
7E35,0.596328090393053,2.4,33979649.0,dimeric,"'VAPOR DIFFUSION, SITTING DROP'",5.5,289.0,"'0.1M sodium citrate tribasic dihydrate at pH 5.5, 16%(v/v) PEG 8000'",,"ZN, GYX","sodium citrate (100.0), PEG 8000 (16% v/v)"
7KOK,0.596328090393053,2.0,,monomeric,"'VAPOR DIFFUSION, HANGING DROP'",6.0,277.0,"'0.1 M MES buffer, 0.2 M zinc acetate, 10% PEG 8000, 4 mM PLP_Snyder496'",,"Y96, CL, ACT, MES, UNX, ZN","MES (100.0), zinc(II) acetate (200.0), PEG 8000 (10%), plp_snyder496 (4.0)"
7RBR,0.596328090393053,1.88,37185902.0,dimeric,"'VAPOR DIFFUSION, SITTING DROP'",7.5,280.0,"'0.2 M di-sodium tartrate, 20% PEG-3350,'",,"ZN, CL, EDO","sodium tartrate (200.0), PEG 3350 (20%)"
7M1Y,0.596328090393053,2.02,,monomeric(*),"'VAPOR DIFFUSION, SITTING DROP'",8.5,277.0,"'0.1 M Tris-Cl, pH 8.5, 3.5 M sodium formate, 0.1 M sodium iodide, 4 mM ebselen'",,"ZN, CL, GOL, IOD, FMT, NA, 9JT","tris-HCl (100.0), sodium formate (3500.0), sodium iodide (100.0), ebselen (4.0)"
7SQE,0.596328090393053,2.0,,monomeric(*),"'VAPOR DIFFUSION, SITTING DROP'",7.5,277.0,"'0.2 M lithium citrate, 20% PEG3350'",,"JWX, ZN, CL, EDO","lithium citrate (200.0), PEG 3350 (20%)"
7RBS,0.596328090393053,2.98,37185902.0,dimeric(*),"'VAPOR DIFFUSION, SITTING DROP'",7.5,289.0,"'0.02 M MgCl2, 0.1 M HEPES buffer, 22% poly(acrylicacid sodium salt) 5100'",,ZN,"magnesium chloride (20.0), HEPES (100.0), sodium polyacrylate (22%)"
7TZJ,0.596328090393053,2.66,35494659.0,monomeric(*),"'VAPOR DIFFUSION, HANGING DROP'",5.46,281.0,";0.117 M Zinc acetate
21.6% PEG 8000
0.1 M bis-tris chloride (pH 5.46)
;",,"S88, ZN, DMS","zinc(II) acetate (117.0), PEG 8000 (21.6%), bis-tris chloride (100.0)"
8YX4,0.596328090393053,2.28,39580525.0,monomeric,"'VAPOR DIFFUSION, SITTING DROP'",7.5,298.0,"'5 mM CoCl2.6H2O, 5 mM NiCl2.6H2O, 5 mM CdCl2.H2O, 5 mM MgCl2.6H2O, 0.1 M HEPES pH 7.5, 12% w/v PEG 3350'",,"GOL, CL, CD, ZN, A1LZ6","cocl26h2o (5.0), nicl26h2o (5.0), cdcl2h2o (5.0), magnesium chloride (5.0), HEPES (100.0), PEG 3350 (12% w/v)"
8FWN,0.596328090393053,1.5,,monomeric,"'VAPOR DIFFUSION, SITTING DROP'",4.5,277.0,"'100 mM Sodium acetate, 0.8 M Monosodium phosphate, 1.2 M Dipotassium hydrogen phosphate'",,"PO4, ACT, ZN, CL, GOL","sodium acetate (100.0), monosodium phosphate (800.0), potassium hydrogen phosphate (1200.0)"
8YX5,0.596328090393053,1.74,39580525.0,monomeric(*),"'VAPOR DIFFUSION, SITTING DROP'",7.6,298.0,"'0.03 M Citric acid, 0.07 M BIS-TRIS propane)/pH 7.6, 20% w/v PEG 3350'",,"A1LZ8, ZN, GOL","citric acid (30.0), bis-tris propane/ph (70.0), PEG 3350 (20% w/v)"
9CYD,0.596328090393053,2.8,40180914.0,monomeric,"'VAPOR DIFFUSION, SITTING DROP'",7.6,277.0,";0.3 M Sodium Malonate
6% w/v PGA-LM
0.05 mM Zinc Chloride
0.1 M Tris pH 7.6
;",,"A1A0U, CL, ZN","sodium malonate (300.0), pga-lm (6% w/v), zinc(II) chloride (0.05), tris (100.0)"
9CSY,0.596328090393053,2.595,39213347.0,monomeric(*),"'VAPOR DIFFUSION, SITTING DROP'",5.0,293.15,"'0.1 M Sodium citrate tribasic dihydrate pH 5.0, 30% v/v Jeffamine ED-2001 pH 7.0'",,"A1AZ1, TFA, ZN","sodium citrate (100.0), jeffamine ed-2001 (30% v/v)"
6YVA,0.596131085393053,3.18,32726803.0,dimeric,"'VAPOR DIFFUSION, SITTING DROP'",6.5,293.0,"'18% PEG4450, 100 mM bis-tris propane pH 6.5, 200 mM Potassium thiocyanate'",,ZN,"PEG 4450 (18%), bis-tris propane (100.0), potassium thiocyanate (200.0)"
7JIV,0.596131085393053,2.05,33531496.0,monomeric,"'VAPOR DIFFUSION, HANGING DROP'",6.0,277.0,"'0.1 M MES buffer, 0.2 M zinc acetate, 10% PEG 8000, 4 mM PLP_Snyder530'",,"VBY, ZN, MES, CL, ACT","MES (100.0), zinc(II) acetate (200.0), PEG 8000 (10%), plp_snyder530 (4.0)"
9F7S,0.596328090393053,1.8,,monomeric,"'VAPOR DIFFUSION, SITTING DROP'",6.0,288.0,"'1.4 M sodium malonate, 5% PEG300'",,"ZN, MLI, PEG, CL, NA","sodium malonate (1400.0), PEG 300 (5%)"
7SGV,0.596131085393053,2.0,,monomeric,"'VAPOR DIFFUSION, SITTING DROP'",7.0,277.0,"'3 M sodium chloride, 0.1 M Bis_tris buffer, pH 5.5'",,"L30, ZN, CL","sodium chloride (3000.0), bis-tris (100.0)"
8XTD,0.596131085393053,2.7,41527419.0,monomeric,"'VAPOR DIFFUSION, SITTING DROP'",7.5,277.15,"'0.1 M Tris-HCl (pH 7.5-9.0), 1.4 M NaH2PO4, 2-15% Glycerol'",7.5-9.0,"356, GOL","tris-HCl (100.0), sodium dihydrogen phosphate (1400.0), glycerol (8.5%)"
7KOJ,0.596131085393053,2.02,,monomeric,"'VAPOR DIFFUSION, HANGING DROP'",6.0,277.0,"'0.1 M MES buffer, 0.2 M zinc acetate, 10% PEG 8000, 4 mM PLP_Snyder494'",,"Y94, ZN, CL, MES, ACT, UNX","MES (100.0), zinc(II) acetate (200.0), PEG 8000 (10%), plp_snyder494 (4.0)"
6WRH,0.596065680393053,1.6,33531496.0,monomeric,"'VAPOR DIFFUSION, SITTING DROP'",4.5,277.0,"'0.1 M Acetate buffer, 0.8 M NaH2PO4 / 1.2 M K2HPO4'",,"ZN, CL, GOL, PO4","sodium acetate (100.0), sodium dihydrogen phosphate (800.0), potassium hydrogen phosphate (1200.0)"
13QX,0.596065680393053,2.21,41638277.0,monomeric,"'VAPOR DIFFUSION, SITTING DROP'",6.0,291.0,'1.4 M Sodium Maleate pH 6.0',,"ZN, MLI, A1CW5",sodium maleate (1400.0)
9BF7,0.596131085393053,1.68,40297819.0,monomeric,"'VAPOR DIFFUSION, SITTING DROP'",7.0,277.15,"'Monosodium phosphate, dipotassium phosphate, tris-HCl, sucrose'",,"PO4, GOL, ACT, ZN","monosodium phosphate (None), dipotassium phosphate (None), tris-HCl (None), sucrose (None)"
7CJM,0.596065680393053,3.2,33473130.0,monomeric,"'VAPOR DIFFUSION, SITTING DROP'",7.5,283.0,";12% PEG 3350, 0.1M Tris pH 7.5, 0.005M Cobalt(II) chloride hexahydrate, 0.005M Cadmium chloride hemi(pentahydrate), 0.005M Magnesium chloride hexahydrate, 0.005M Nickel(II) chloride hexahydrate
;",,"TTT, ZN","PEG 3350 (12%), tris (100.0), cobalt(II) chloride (5.0), cadmium chloride hemipentahydrate (5.0), magnesium chloride (5.0), nickel(II) chloride (5.0)"
7JIT,0.596065680393053,1.95,33531496.0,monomeric,"'VAPOR DIFFUSION, HANGING DROP'",6.0,277.0,"'0.1 M MES buffer, 0.2 M zinc acetate, 10% PEG 8000, 4 mM PLP_Snyder495'",,"Y95, ZN, CL, MES, ACT","MES (100.0), zinc(II) acetate (200.0), PEG 8000 (10%), plp_snyder495 (4.0)"
7JIR,0.596065680393053,2.09,33531496.0,monomeric,"'VAPOR DIFFUSION, HANGING DROP'",6.0,277.0,"'0.1 M MES buffer, 0.2 M zinc acetate, 10% PEG 8000, 4 mM PLP_Snyder457'",,"TTT, ZN, MES, ACT, CL","MES (100.0), zinc(II) acetate (200.0), PEG 8000 (10%), plp_snyder457 (4.0)"
7KRX,0.596065680393053,2.72,,monomeric,"'VAPOR DIFFUSION, HANGING DROP'",6.0,277.0,"'0.1 M MES buffer pH 6.0, 0.2 M zinc acetate, 10% PEG 8000, 4 mM PLP_Snyder441'",,"Y41, ZN, CL, ACT, UNX","MES (100.0), zinc(II) acetate (200.0), PEG 8000 (10%), plp_snyder441 (4.0)"
7SGU,0.596065680393053,1.79,,monomeric,"'VAPOR DIFFUSION, SITTING DROP'",4.5,277.0,"'0.1 M sodium acetate pH 4.5, 2 M sodium formate, 4 mM PLP_Snyder608'",,"9EI, ZN, CL, FMT","sodium acetate (100.0), sodium formate (2000.0), plp_snyder608 (4.0)"
8X1X,0.596065680393053,2.3,41527419.0,monomeric,"'VAPOR DIFFUSION, SITTING DROP'",7.5,277.15,"'0.1 M Tris-HCl (pH 7.5-9.0), 1.4 M NaH2PO4,  2-15% Glycerol'",7.5-9.0,"GOL, NA, 4OA","tris-HCl (100.0), sodium dihydrogen phosphate (1400.0), glycerol (8.5%)"
8YX3,0.596065680393053,2.6,39580525.0,monomeric(*),"'VAPOR DIFFUSION, SITTING DROP'",7.6,298.0,"'0.03 M Citric acid, 0.07 M BIS-TRIS propane)/pH 7.6, 20% w/v PEG 3350'",,A1LZ7,"citric acid (30.0), bis-tris propane/ph (70.0), PEG 3350 (20% w/v)"
8YX2,0.596065680393053,2.31,39580525.0,monomeric(*),"'VAPOR DIFFUSION, SITTING DROP'",7.5,298.0,"'0.2 M Lithium sulfate monohydrate, 0.1M HEPES pH7.5, 25% w/v PEG 3350'",,"ZN, A1LZ5","lithium sulfate (200.0), HEPES (100.0), PEG 3350 (25% w/v)"
8ZSE,0.596065680393053,2.8,,monomeric(*),"'VAPOR DIFFUSION, HANGING DROP'",,277.0,"'0.05 M Zinc acetate dihydrate, 20% w/v Polyethylene glycol 3,350'",,"A1L2A, ZN","zinc(II) acetate (50.0), PEG 3350 (20% w/v)"
9CYC,0.596065680393053,2.01,40180914.0,monomeric(*),"'VAPOR DIFFUSION, SITTING DROP'",5.4,281.0,";0.2 M Sodium Acetate
10% PEG 8000 (w/v)
0.1 M trisodium citrate-citric acid pH 5.4
;",,"GOL, ACY, A1A0S","sodium acetate (200.0), PEG 8000 (10% w/v), trisodium citrate-citric acid (100.0)"
9CYK,0.596065680393053,1.88,40180914.0,dimeric,"'VAPOR DIFFUSION, SITTING DROP'",5.97,281.0,";0.2 M Lithium Acetate
10% w/v PEG 8000
0.1 M trisodium citrate-citric acid pH 5.97
0.44 mM Inhibitor
;",,"A1A0V, ACY, GOL","lithium acetate (200.0), PEG 8000 (10% w/v), trisodium citrate-citric acid (100.0)"
9F7T,0.596065680393053,2.05,,dimeric,"'VAPOR DIFFUSION, SITTING DROP'",8.0,288.0,"'4M sodium chloride, 0.1M TRIS'",,"NA, ZN, CL, PEG","sodium chloride (4000.0), tris (100.0)"
7YBG,0.5944999368281535,1.9,,monomeric,"'VAPOR DIFFUSION, SITTING DROP'",,277.0,'1.4 M sodium malonate dibasic monohydrate',,"DTT, MLA, NA, CL, ZN",sodium malonate dibasic (1400.0)
7UV5,0.5944999368281535,1.45,37185902.0,trimeric,"'VAPOR DIFFUSION, HANGING DROP'",7.5,289.0,"'0.2 M sodium tartrate, 15% PEG3350'",,"EDO, ZN","sodium tartrate (200.0), PEG 3350 (15%)"
9CYB,0.596065680393053,1.98,40180914.0,monomeric(*),"'VAPOR DIFFUSION, SITTING DROP'",5.72,281.0,";0.2 M Sodium Succinate
10% PEG 8000 (w/v)
0.1 M trisodium citrate-citric acid pH 5.72
;",,"A1A0T, SIN","sodium succinate (200.0), PEG 8000 (10% w/v), trisodium citrate-citric acid (100.0)"
9VWY,0.5943029318281535,1.83,,monomeric,"'VAPOR DIFFUSION, HANGING DROP'",8.0,277.0,"'Tris buffer pH 8.0, Sodium dihydrogen phosphate/Potassium hydrogen phosphate'",,"ZN, PO4, GOL, CL","tris (None), sodium dihydrogen phosphate (None), potassium hydrogen phosphate (None)"
7D7K,0.5917577064808044,1.9,33864621.0,monomeric(*),EVAPORATION,8.0,293.0,"'0.1M Tris pH 8.0, 2.0M Ammonium sulfate, 0.033% w/v Caffeine, 0.033% w/v Dithioerythritol, 0.033% w/v L-Methionine'",,"ZN, CFF, EDO, SO4","tris (100.0), ammonium sulfate (2000.0), caffeine (0.033% w/v), dithioerythritol (0.033% w/v), l-methionine (0.033% w/v)"
7D7L,0.5915607014808044,2.11,33864621.0,monomeric(*),EVAPORATION,8.0,293.0,"'0.1M Tris pH 8.0, 2.0M Ammonium sulfate, 0.033% w/v Caffeine, 0.033% w/v Dithioerythritol, 0.033% w/v L-Methionine'",,"ZN, CFF, GXU, GOL, SO4","tris (100.0), ammonium sulfate (2000.0), caffeine (0.033% w/v), dithioerythritol (0.033% w/v), l-methionine (0.033% w/v)"
9PUH,0.5906466246983547,2.39,41521555.0,monomeric(*),"'VAPOR DIFFUSION, HANGING DROP'",,291.0,";0.2 mM sodium citrate and 15-25 % PEG-3350
27.7 mg/mL protein
1:1 drop ratio
;",,"A1CLE, ZN","sodium citrate (0.2), PEG 3350 (20.0%)"
9PUJ,0.5906466246983547,2.0,41521555.0,monomeric,"'VAPOR DIFFUSION, HANGING DROP'",,291.0,";0.2 mM sodium citrate and 15-25 % PEG-3350
27.7 mg/mL protein
1:1 drop ratio
;",,"ZN, A1CLF","sodium citrate (0.2), PEG 3350 (20.0%)"
9F7U,0.5890154761334552,1.6,,monomeric,"'VAPOR DIFFUSION, SITTING DROP'",6.0,288.0,'1.6 M sodium malonate',,"MLA, NA, CL, GOL",sodium malonate (1600.0)
9U7D,0.5905812196983546,2.7,,dimeric,"'VAPOR DIFFUSION, SITTING DROP'",6.0,277.0,"'6% (w/v) PEG8000, 100 mM MES/Sodium hydroxide pH 6.0, 200 mM zinc acetate and 20% PEG400'",,"ZN, CL, PEG, A1EOE","PEG 8000 (6% w/v), mes/sodium hydroxide (100.0), zinc(II) acetate (200.0), PEG 400 (20%)"
7LFU,0.503092258583181,2.29,34547223.0,dimeric,"'VAPOR DIFFUSION, SITTING DROP'",,291.0,"'0.2 M sodium thiocyanate, and 20% w/v polyethylene glycol 3350'",,"UB4, ACE, DPP, GVE","sodium thiocyanate (200.0), PEG 3350 (20% w/v)"
9F7Y,0.5888184711334552,1.8,,monomeric,"'VAPOR DIFFUSION, HANGING DROP'",7.0,288.0,"'1.4 M sodium malonate, 0.1 M sodium succinate'",,"ZN, MLA, NA, CL","sodium malonate (1400.0), sodium succinate (100.0)"
7LFV,0.502895253583181,2.23,34547223.0,dimeric(*),"'VAPOR DIFFUSION, SITTING DROP'",,291.0,"'0.2 M ammonium sulfate, 16% w/v polyethylene glycol 3350'",,"ZN, EDO, SO4, NH4, CL","ammonium sulfate (200.0), PEG 3350 (16% w/v)"
5E6J,0.502829848583181,2.85,27203180.0,trimeric(*),"'VAPOR DIFFUSION, HANGING DROP'",5.5,285.0,"'0.1 M MES, 0.1 M lithium acetate, 17% PEG 6000'",,"ACT, NI","MES (100.0), lithium acetate (100.0), PEG 6000 (17%)"
3MJ5,0.5003500282358317,2.63,20527968.0,monomeric(*),"'VAPOR DIFFUSION, SITTING DROP'",6.5,298.0,";Diffraction-quality crystals grew from a sitting drop containing 5 mg/mL PLpro, 1 mM inhibitor, 1 M (NH4)2SO4, 50 mM MES, pH 6.5, and 2.5% PEG 400., VAPOR DIFFUSION, SITTING DROP, temperature 298K
;",,"GRM, ZN","diffraction-quality (None), plpro (5), ammonium sulfate (1000.0), MES (50.0), PEG 400 (2.5%)"
4OVZ,0.5003500282358317,2.5,24568342.0,monomeric(*),"'VAPOR DIFFUSION, SITTING DROP'",5.5,293.0,"'100 mM sodium citrate, pH 5.5, 40% (v/v) PEG 600'",,"ZN, P85, DMS, NA","sodium citrate (100.0), PEG 600 (40% v/v)"
5TL7,0.5003500282358317,2.44,28438633.0,dimeric(*),"'VAPOR DIFFUSION, HANGING DROP'",8.0,293.0,"'65% (v/v) MPD, 0.1 M Tris [pH 8.0], supplemented with 30% (w/v) Trimethylamine N-oxide dihydrate additive in a 1:5 dilution'",,ZN,"MPD (65% v/v), tris (100.0), trimethylamine n-oxide (30% w/v)"
3E9S,0.5003500282358317,2.5,,monomeric,"'VAPOR DIFFUSION, SITTING DROP'",7.5,298.0,";16h incubation of 8 mg/mL PLpro (in 20 mM Tris pH 7.5, 10 mM DTT) with 
200 uM inhibitor at 4  C. Precipitant: 1M LiCl2, 0.1M MES pH 6.0, 
30% PEG 6000. Cryo solution: well solution, 400 uM inhibitor, 16% glycerol, VAPOR DIFFUSION, Sitting DROP, temperature 298K
;",,"TTT, ZN, CL","lithium chloride (1000.0), MES (100.0), PEG 6000 (30%)"
4OW0,0.5001530232358318,2.1,24568342.0,monomeric(*),"'VAPOR DIFFUSION, SITTING DROP'",5.5,293.0,"'100 mM sodium citrate, pH 5.5, 40% (v/v) PEG 600'",,"ZN, S88, DMS, GOL","sodium citrate (100.0), PEG 600 (40% v/v)"
5TL6,0.5001530232358318,2.618,28438633.0,dimeric(*),"'VAPOR DIFFUSION, HANGING DROP'",6.5,293.0,"'0.1 M lithium sulfate, 0.1 M Bis-tris [pH 6.5], 22% PEG 3350, supplemented with 30% (v/v) glycerol additive in a 1:5 dilution'",,"ZN, SO4","lithium sulfate (100.0), bis-tris (100.0), PEG 3350 (22%), glycerol (30% v/v)"
5Y3Q,0.4983248696709323,1.65,29289665.0,monomeric,"'VAPOR DIFFUSION, SITTING DROP'",8.0,295.0,"'PEG3350, Bis-Tris propane/citric acid'",,"ZN, BME, NA, GOL","PEG 3350 (None), bis-tris propane/citric acid (None)"
4M0W,0.499238946453382,1.4,24531491.0,dimeric,"'VAPOR DIFFUSION, SITTING DROP'",9.5,295.0,"'18% PEG 3000, 0.1M CHES, pH 9.5, VAPOR DIFFUSION, SITTING DROP, temperature 295K'",,"ZN, NA, NHE, GOL","PEG 3000 (18%), CHES (100.0)"
2FE8,0.4985218746709324,1.85,16581910.0,monomeric(*),,5.2,295.0,"'1.3 M ammonium sulfate, 100 mM sodium citrate, pH 5.2, VAPOR DIFFUSION, HANGING DROP, temperature 295K, pH 5.20'",,"ZN, BR, SO4","ammonium sulfate (1300.0), sodium citrate (100.0)"
7SKQ,0.4983248696709323,3.16,35199517.0,dimeric,"'VAPOR DIFFUSION, HANGING DROP'",,295.0,"'0.2M Ammonium Acetate, 20% PEG 1000'",,"TTT, ZN","ammonium acetate (200.0), PEG 1000 (20%)"
5Y3E,0.4982594646709324,1.65,29289665.0,monomeric,"'VAPOR DIFFUSION, SITTING DROP'",8.0,295.0,"'PEG8000, HEPES'",,"ZN, NA, GOL","PEG 8000 (None), HEPES (None)"
4MM3,0.5001530232358318,2.752,24854014.0,dimeric,"'VAPOR DIFFUSION, HANGING DROP'",7.5,277.0,"'0.1 M HEPES, pH 7.5, 10% isopropanol, 20% PEG4000, VAPOR DIFFUSION, HANGING DROP, temperature 277K'",,ZN,"HEPES (100.0), isopropyl alcohol (10%), PEG 4000 (20%)"
7SKR,0.4983248696709323,2.89,35199517.0,dimeric,"'VAPOR DIFFUSION, HANGING DROP'",8.5,279.0,"'0.1 M Tris-HCl pH 8.5, 0.6M sodium fluoride'",,"ZN, DMS, 9OZ","tris-HCl (100.0), sodium fluoride (600.0)"
9CEH,0.4919263321937843,3.25,41256988.0,dimeric,"'VAPOR DIFFUSION, HANGING DROP'",,295.0,"'16% (w/v) PEG 8000, 40 mM Potassium phosphate monobasic, 20% (v/v) Glycerol'",,A1AWG,"PEG 8000 (16% w/v), potassium dihydrogen phosphate (40.0), glycerol (20% v/v)"
7THH,0.10618593,1.32,,monomeric(*),"'VAPOR DIFFUSION, SITTING DROP'",7.6,289.0,"'0.2 M ammonium iodide, 20% PEG 3350'",,"CL, P6G, EDO, IOD","ammonium iodide (200.0), PEG 3350 (20%)"
